ID,Comments
1,ğŸ³
2,"Me, looking at the 2 empty 18 packs at the end of each week #ğŸ³ For life"
3,Hey miss. Thank you for starting the Fried Egg legend! ğŸ³
4,ğŸ³
5,Goin out in a yolky runny river of glory ğŸ³
6,ğŸ³
7,Ridiculous. I eat eggs ğŸ³ several times a week and donâ€™t have a single concern. #EggMonth2023
8,Also can we wholesale them ? ğŸ³
9,ğŸ³
10,"Yeep!

And YOU choose to react itğŸ³

I choose to react to your mean comments to someone whoâ€™s values different from yours 

You choose to mock a person who is in her right just because itâ€™s not important to you

You are the intolerant one

Not her"
11,ğŸ³
12,"How do you want them? Sunny side up? EGGcelent choice ğŸ³ 

#MARK #ë§ˆí¬
#GoldenHour #MARK_GoldenHour #NCTLAB
#NCT #NCT127 #NCTDREAM"
13,I believe itâ€™s a rap and i hope you guys enjoy the meal/song i made for you guys. Bon appÃ©tit! Enjoy the songğŸ³ | Recipe for Golden Hour.
14,Painting agains anxietyğŸ³
15,"Dr. Greger, you need more eggs in your diet. ğŸ³"
16,ğŸ³
17,ğŸ³
18,ğŸ³
19,ğŸ³
20,ğŸ³
21,"Just like meat.

One egg a day keeps the doctors away.ğŸ³

( And increases your Testosterone )

Donâ€™t take nutrition advices from someone who looks already dead."
22,ğŸ³
23,mark doesn't know how to make eggs but he doesn't stress cuz i never leave him hungry ğŸ³ğŸ³ğŸ³ğŸ³ğŸ³ğŸ³ğŸ³ğŸ³
24,ğŸ³
25,ğŸ³
26,And howâ€™s the video got out if that is the case. Egg on your face ğŸ³
27,"I did the seasoning, the stirring, the frying, everything for this song so check out the Recipe behind Golden Hour ğŸ³ "
28,"you flatter me! yeah, it's very late actually, no idea why i'm still up. that's good! have your meals on time too or i feed you myself (with my bad cooking skills) ğŸ³"
29,I didn't bet his ks... I did bet the team total under and that looks cooked ğŸ³
30,Cook the egg ğŸ³
31,"ğŸ³ ~ Info GastronÃ³mica | Newsletter 249

#gastronomia #gastronomico
#equipamientogastronomico 
#chef  #resto #bar #cafe #confiteria #bares
#cafes #restaurantes"
32,Thank you! I feel as if Iâ€™m a walking time bomb (had two jabs too many!) and get scared about what might happen! I have poached egg on toast every day for my breakfast ğŸ³
33,ğŸ³
34,Yes please. Let them live in canon so more deathroutes can exist in fanfic and fanart!!!! I want 1937374 varieties of death ğŸ³
35,And to you ğŸ³
36,"Check out this egg-cellent dataset for this week's #TidyTuesday. ğŸ³

Can you crack the code on good ways to visualize this data?

Don't whisk missing this one."
37,"(7)
ğŸ³ DAY 4 - 230410
stream count : 33
3.48 PM - 3.51 PM

#ë§ˆí¬ê°€_ë§ì•„ì£¼ëŠ”_ê³¨ë“ ì•„ì›Œ
#MARK_GoldenHour #MARK
#molosupportproject"
38,"(5)
ğŸ³ DAY 4 - 230410
stream count : 31
9.41 AM - 9.45 AM

#ë§ˆí¬ê°€_ë§ì•„ì£¼ëŠ”_ê³¨ë“ ì•„ì›Œ
#MARK_GoldenHour #MARK
#molosupportproject"
39,"(3)
ğŸ³ DAY 4 - 230410
stream count : 29
7.40 AM - 7.43 AM

#ë§ˆí¬ê°€_ë§ì•„ì£¼ëŠ”_ê³¨ë“ ì•„ì›Œ
#MARK_GoldenHour #MARK
#molosupportproject"
40,"(2) 
ğŸ³ DAY 4 - 230410
stream count : 28
6.44 AM - 6.47 AM

#ë§ˆí¬ê°€_ë§ì•„ì£¼ëŠ”_ê³¨ë“ ì•„ì›Œ
#MARK_GoldenHour #MARK
#molosupportproject"
41,Choose happiness over breakfast ğŸ³
42,Keep cooking ğŸ³
43,"countdown these last hours till paranoia starts tmrw bright and early ğŸ³ 

payments will be accepted until THURSDAY (my cashapp is gabiroqueen) but make sure to have your team signed up by tmrw"
44,This violence looks saucyğŸ³
45,"A must,for a #Hawaii  breakfast!ğŸ³"
46,The gift that keeps on giving.    Stoked!!!ğŸ³ğŸ³ğŸ³ğŸ³
47,Eggs are good for you. Period. Not the opposite! ğŸ³ğŸ³ğŸ³
48,You can cook ğŸ³ for me
49,These slimes are speggtacular! ğŸ³
50,i should sleep but iâ€™ve been repeating this and the mv! i officially live here now ğŸ³
51,ğŸ³
52,We live in a world that constantly tries to take you away from you. ğŸ³
53,"The Great Egg Dao of 2023! Brought to you by Which came first the chicken, or the egg, or breakfast ğŸ³? #theworldmayneverknow"
54,ğŸ³sold out ğŸ³
55,ğŸ³
56,ğŸ³
57,ğŸ³
58,ğŸ³
59,ğŸ³
60,ğŸ³
61,ğŸ³
62,ğŸ³
63,ğŸ³
64,ğŸ³
65,ğŸ³
66,ğŸ³
67,ğŸ³
68,ğŸ³
69,ğŸ³
70,ğŸ³
71,ğŸ³
72,ğŸ³
73,ğŸ³
74,ğŸ³
75,ğŸ³
76,ğŸ³
77,ğŸ³
78,ğŸ³
79,ğŸ³
80,ğŸ³
81,ğŸ³ yg suka jb2 only.
82,ğŸ³
83,ğŸ³
84,ğŸ³
85,ğŸ³
86,ğŸ³
87,ğŸ³
88,ğŸ³
89,ğŸ³
90,ğŸ³
91,"ğŸ³ sm stan ONLY, selain sm stan dni."
92,ğŸ³
93,ğŸ³ğŸ³
94,"i wanna get to know more about you!! 
1. honestly.. apple music
2. ateez, bp
3. i have cats!!
4. black, yellow, blue
5. ğŸ³
6. she/her
7. black
8. night owl
9. music
10. history 

drop an emoji for the questions!"
95,ğŸ³
96,ğŸ³
97,this was so hard ğŸ³
98,GM timothy ğŸ³
99,Bon appÃ©tit! Enjoy the songğŸ³ | Recipe for Golden Hour via
100,It's breakfast for lunch today at Camellia Grill! #Greekomelete #breakfast #nolarestaurants ğŸ³
101,How are you playing this? ğŸ³#golf
102,White house Easter egg hunt is riddled with vaccine eggs ğŸ³
103,i just told my friend that my brain is like scrambled eggs and now itâ€™s my favorite thing to say ğŸ³
104,wait you cooked ğŸ³
105,Going to eat at least six eggs today inspite of this guy ğŸ³
106,Bon appÃ©tit! Enjoy the songğŸ³ | Recipe for Golden Hour via à¸•à¸­à¸™à¸—à¹‰à¸²à¸¢à¸™à¸µà¹ˆà¸¡à¸±à¸™...
107,"ğŸ³DAY 4 - on genie #10

GOLDEN HOUR OUT NOW ğŸ³
#ë§ˆí¬ê°€_ë§ì•„ì£¼ëŠ”_ê³¨ë“ ì•„ì›Œ
#GoldenHourWithMark
#molosupportproject 
#MARK_GoldenHour"
108,"ğŸ³DAY 4 - on genie #10

GOLDEN HOUR OUT NOW ğŸ³
#ë§ˆí¬ê°€_ë§ì•„ì£¼ëŠ”_ê³¨ë“ ì•„ì›Œ
#GoldenHourWithMark
#molosupportproject 
#MARK_GoldenHour"
109,"ğŸ³DAY 4 - on genie #10

GOLDEN HOUR OUT NOW ğŸ³
#ë§ˆí¬ê°€_ë§ì•„ì£¼ëŠ”_ê³¨ë“ ì•„ì›Œ
#GoldenHourWithMark
#molosupportproject 
#MARK_GoldenHour"
110,"ğŸ³DAY 4 - on genie #10

GOLDEN HOUR OUT NOW ğŸ³
#ë§ˆí¬ê°€_ë§ì•„ì£¼ëŠ”_ê³¨ë“ ì•„ì›Œ
#GoldenHourWithMark
#molosupportproject 
#MARK_GoldenHour"
111,"ğŸ³DAY 4 - on genie #10

GOLDEN HOUR OUT NOW ğŸ³
#ë§ˆí¬ê°€_ë§ì•„ì£¼ëŠ”_ê³¨ë“ ì•„ì›Œ
#GoldenHourWithMark
#molosupportproject 
#MARK_GoldenHour"
112,"ğŸ³DAY 4 - on genie #10

GOLDEN HOUR OUT NOW ğŸ³
#ë§ˆí¬ê°€_ë§ì•„ì£¼ëŠ”_ê³¨ë“ ì•„ì›Œ
#GoldenHourWithMark
#molosupportproject 
#MARK_GoldenHour"
113,"ğŸ³DAY 4 - on genie #10

GOLDEN HOUR OUT NOW ğŸ³
#ë§ˆí¬ê°€_ë§ì•„ì£¼ëŠ”_ê³¨ë“ ì•„ì›Œ
#GoldenHourWithMark
#molosupportproject 
#MARK_GoldenHour"
114,"ğŸ³DAY 4 - on genie #10

GOLDEN HOUR OUT NOW ğŸ³
#ë§ˆí¬ê°€_ë§ì•„ì£¼ëŠ”_ê³¨ë“ ì•„ì›Œ
#GoldenHourWithMark
#molosupportproject 
#MARK_GoldenHour"
115,"ğŸ³DAY 4 - on genie #10

GOLDEN HOUR OUT NOW ğŸ³
#ë§ˆí¬ê°€_ë§ì•„ì£¼ëŠ”_ê³¨ë“ ì•„ì›Œ
#GoldenHourWithMark
#molosupportproject 
#MARK_GoldenHour"
116,"It's a mouth-watering Member Monday with Preservation Biscuit Company! Head to to order the ultimate comfort food combos, or stop by to see them Wednesday-Monday from 8am-3pm! You won't regret itğŸ³"
117,"ğŸ³DAY 4 - on genie #10

GOLDEN HOUR OUT NOW ğŸ³
#ë§ˆí¬ê°€_ë§ì•„ì£¼ëŠ”_ê³¨ë“ ì•„ì›Œ
#GoldenHourWithMark
#molosupportproject 
#MARK_GoldenHour"
118,"Ex:
#TalkAboutMark #MARK_GoldenHour tells me:

Reality speaking, Eggs are one of the main nutrients but I wont get hungry just because I cant cookğŸ³
In metaphore, dont get worry over something you incapable of. Flaws doesnt kill you. Turn the table and eat them up."
119,Make every morning a little better by elevating your living space with NME Builders. ğŸ³ We'll help you create a home that reflects your family and enhances your daily life.
120,"Dreamy, creamy decadence. These silky scrambled eggs made with crÃ¨me fraiche will make your morning absolutely divine.ğŸ³"
121,"In The Indonesian Table, award-winning author Petty Pandean-Elliot tells the story of her Indonesian heritage through 150 much-loved and delicious recipes perfect for home cooks everywhere.

ğŸ³ Click to recreate this recipe at home:"
122,"Great to hear that our beloved sister. If you managed to hit your target, we are willing to ship you 1 captured non sticky cooking pan ğŸ³."
123,The most important meal of the day! ğŸ³ #hotelmanagement #hotelindigostratford #breakfast
124,"â€˜Did you have an enjoyable bank holiday?â€™

Well it pissed down most of the day so I stayed in and cleaned the oven and changed the grill pan ğŸ³

That right there is being middle aged summed up in one tweet"
125,Bon appÃ©tit! Enjoy the songğŸ³ | Recipe for Golden Hour via
126,"ğŸ³Day 4 â€“ 230410 ğŸ³

#ë§ˆí¬ê°€_ë§ì•„ì£¼ëŠ”_ê³¨ë“ ì•„ì›Œ
#MARK_GoldenHour #MARK
#molosupportproject"
127,11ì¼ 00ì‹œğŸ³
128,"â€œGot to break a few eggs to make an omelette â€¦ ğŸ³â€ Elon Musk responded on this video. 
"
129,that chef = he's meal ğŸ³
130,14 eggs ğŸ³
131,"MAIN POP BOY IS COMING
JEON JUNGKOOK IS COMING

ğŸ³"
132,gmmm pancakes ğŸ³
133,do you believe in magic? $EGGS dev is cooking ğŸ³ AI bot delivered and #DEX is #qoming. Strong connections to #birds #ryoshi $qom $caw $O #vision $aEggs #eggs #aeggs #btc #eth #arb #arbitrum #crypto #bullish #100x
134,Flawless victory! ğŸ³
135,"""cookingğŸ³"" via"
136,"â€” Day 4 : END
ğŸ³ Total streaming: 10x 

#ë§ˆí¬ê°€_ë§ì•„ì£¼ëŠ”_ê³¨ë“ ì•„ì›Œ
#MARK_GoldenHour #GoldenHourWithMark #molosupportproject"
137,"ğŸ³ Day 4
230410

#ë§ˆí¬ê°€_ë§ì•„ì£¼ëŠ”_ê³¨ë“ ì•„ì›Œ #MARK_GoldenHour #MARK #molosupportproject"
138,"im cookin' up, ill cook you up ğŸ³ thanks for the giveaway !! #GoldenHour #ë§ˆí¬ê°€_ë§ì•„ì£¼ëŠ”_ê³¨ë“ ì•„ì›Œ #GoldenHourWithMark #ë§ˆí¬ #MARK #TDS2inKL #MARK_GoldenHour"
139,"Beans and tomatoes would have to go. Also donâ€™t see any potato scones, thatâ€™s a must with a breakfast ğŸ³"
140,"Yep those plus good old fashioned scrambled. Might say over easy vs sunny side up depending on the day too

Gm Liz ğŸ³"
141,"I hope you guys can at least have a few chuckles while listening to this song and enjoy the meaI made for you!
Bon appÃ©tit! Enjoy the song ğŸ³
Recipe for Golden"
142,"ğŸ³ 11 â€“ where do you go when the world drained you, and the only arms you can find rest to, won't be there to hold you?"
143,"ğŸ³ 09 â€” meanwhile, mark"
144,ğŸ³ 08 â€“ haech dumping his unsaid words.
145,"Birds chirp anything on this app...

King Von shot up a birthday party and killed an innocent young man. King Von shot up a funeral before, as well. 

The black community is cooked ğŸ³"
146,ğŸ³ 05 â€“ missed
147,ğŸ³ 04 â€“ thoughts.
148,"Ppl who are passionate about their work are always the sexiest human being

Bon appÃ©tit! Enjoy the songğŸ³ | Recipe for Golden Hour lewat"
149,"Reminders: 

Short AU ğŸ³
Please ignore the time stamps ğŸ³
Fluff, ANGST ğŸ³
Might contain minor errors ğŸ³
QRT to reply ğŸ³
Irregular updates ğŸ³"
150,"I hope you guys can at least have a few chuckles while listening to this song, I believe itâ€™s a rap and I hope you guys enjoy the meal. ğŸ³ 
"
151,ğŸ³ Han Solo In Carbonite Waffle Maker Tested - - #HanSolo #WaffleMaker
152,What I eat in the Norwegian mountains ğŸ³  (What my Grandma cooks) [Speaki...
153,ğŸ³?
154,I really love this! I'm glad they also shared the  producer's &amp; MV director's respective POVs  ğŸ³
155,"ğŸ³ Skotch Kooler #Portable #Grill &amp; Firepit for Beach, Camping - -"
156,Who said foodies had to be human? Here's how researchers were able to teach this robot how to taste eggs ğŸ³
157,ğŸ³ Winco EMW-1800AT #Commercial-Grade #Microwave Oven (1800W) - -
158,Bon appÃ©tit! Enjoy the songğŸ³ | Recipe for Golden Hour via how we can hear the producer and mv director's thoughts
159,"""It seems like Mark has really expressed everything he really wanted to. ""

#Mark #GoldenHour #GoldenHourWithMark ğŸ³"
160,Mark with beanie is the best.ğŸ³ğŸ³ğŸ³
161,"And I've become a bigger fan of his through this opportunity. ""

#Mark #GoldenHour #GoldenHourWithMark ğŸ³"
162,"He is also down-to-earth that makes the filming session feel less intense. I thank him so much. I've always supported him as an artist.-

#Mark #GoldenHour #GoldenHourWithMark ğŸ³"
163,"Golden Hour MV Director: ""I believe Mark is a really cool artist who has all the elements for all designs. His acting is perfect-

#Mark #GoldenHour #GoldenHourWithMark ğŸ³"
164,"ğŸ³ Fri: Connect with fellow Web3 builders over a delicious brunch, hosted by &amp; Bonus: attendees can claim their event badge on Crowdclass! (4/4)

See you"
165,Steak and eggs ğŸ³ hand down !
166,"Bon appÃ©tit! Enjoy the songğŸ³ | Recipe for Golden Hour 
ã™ã”ã„ã‚‚ã®ã‚’è¦‹ã¦ã—ã¾ã£ãŸ............"
167,Married the kitchen to cook you upğŸ³ğŸ³
168,"Rainy morning in Miami, just finished tennis lessons just in time, grabbing First Watch for breakfast ğŸ³"
169,"SO PROUD OF MARK LEE 
#MARK #ë§ˆí¬ #RecipeforGoldenHour #GoldenHour #MARK_GoldenHour #NCTLAB #NCT #NCT127 #NCTDREAM

Bon appÃ©tit! Enjoy the songğŸ³ | Recipe for Golden Hour"
170,eggs are literally HIS brand ğŸ³
171,REALLY LOVE THE CONCEPT ğŸ³
172,"mark talking about how â€œgolden hourâ€ began ğŸ³

â€œi just wrote egg yolk in my notebook and i thought i want to talk about eggs. then i started coming up with a story.â€"
173,Sir what are you cooking ğŸ³
174,the story of how golden hour began to develop into a song ğŸ³
175,notification for mark lee ğŸ³
176,golden hour supremacy ğŸ³ğŸ³ğŸ³ğŸ³
177,just in time ğŸ³
178,AS YOU SHOULD MR!! ğŸ³
179,ğŸ³ #GoldenHourWithMark
180,"Bon appÃ©tit! How do you like your eggs? ğŸ³ 

Watch how I create magic from my own failure in making an egg. I feel very proud of myself for this song. Let me know what you"
181,OMG TIME TO COOK EGGSğŸ³ğŸ³ğŸ³
182,"[VIDEO] 230410 Bon appÃ©tit! Enjoy the songğŸ³ | Recipe for Golden #ë§ˆí¬ #RecipeforGoldenHour

#GoldenHour #MARK_GoldenHour #NCTLAB
#NCT #NCT127 #NCTDREAM"
183,I think I know what I want for breakfast tomorrow ğŸ³
184,"Excuse me, waiter ğŸ³

#MARK #ë§ˆí¬
#MARK_GoldenHour #GoldenHour
#NCTLAB #NCT #NCT127 #NCTDREAM #artworkà¸­à¸‹à¸—à¸‹"
185,Dora running across the store because she spotted the Gudetama section ğŸ³
186,"Haha gm! ğŸ³ 
Hope they were good hehehe 
Have a nice day fren"
187,"Gm gm fam ğŸ³ 
Have a nice day :-)"
188,10ì¼ 21ì‹œğŸ³
189,"If you were looking for a sign to cook a #ScottishBreakfast for the Easter #BankHoliday, look no further ğŸ³  Gie us your list below â€“ what 100% HAS to be included in a Scottish fry up?"
190,20 Egg Whites for Breakfast ğŸ³
191,DAY 4 ENDS ğŸ³
192,"ğŸ³

Oh- oops"
193,"MY TARGET AMOUNT FOR THIS BANNER IS â‚±900 TO SUCCESSFULLY PRODUCE 500 COPIES &gt;\\&lt; PLEASE HELP ME REACH THE GOAL! ğŸ³

FOR TRANSPARENCY, HERE IS THE DONORS MASTERLIST: will be updated from time to time!"
194,"oh morning then! don't
forget to eat breakfast ğŸ³"
195,Day 4 ğŸ³
196,"HELLO MARKFS!
I will open a donation drive for this banner. Any amount is appreciated but only donations amounting to â‚±6 and above will be entitled to secure a copy.

DONATIONS ARE OPEN UNTIL 4/15! 
Donate here: 

ğŸ³"
197,Morning OveckğŸ³
198,Wait which company is this? ğŸ³
199,"Your a very nice, calm being who doesn't have an uncontrollable urge for violence and that knife is only used for cooking. ğŸ³"
200,They taste just like the usual scrambled eggs ğŸ³
201,"â€” A boy who finally cooked the golden hour â€”

The Dream Show 2 Fan Support for #MARK

ğŸ³ limited qty 1:1 
ğŸ³ rt &amp; like 
ğŸ³ open for donations: 

#THEDREAMSHOW2_in_MANILA #TDS2inMNL #TDS2inManila"
202,10ì¼ 20ì‹œğŸ³
203,What are you cooking ğŸ³?
204,Breakfast ğŸ³ lol and cake society at its best as I have my birthday cake for breakfast
205,"

ã„ãŸã ãã¾ã—ãŸğŸ³"
206,"Itâ€™s been three years. 

Iâ€™m meant to journal thisâ€¦ 

But truthfully, the only thought I have is ğŸ³"
207,You ğŸ³ are ğŸ³ not ğŸ³ a ğŸ³ bother ğŸ³
208,Trife was cooking ğŸ³ and he ainâ€™t lying this is the truth accept it and letâ€™s learn how to remove it
209,ğŸ³
210,good morning beautiful people!! iâ€™m making eggs ğŸ³ have a good one stay cool x
211,"Bit of an eggshellent video coming up later, hope you had a good Easter ğŸ³"
212,Comrade what are you cooking ğŸ³
213,"ğŸ³Genie Streaming
230410 count 1

#MARK #ë§ˆí¬ 
#ë§ˆí¬ê°€_ë§ì•„ì£¼ëŠ”_ê³¨ë“ ì•„ì›Œ 
#GoldenHour 
#MARK_GoldenHour #NCT ğŸ³ #molosupportproject"
214,"Special Bank Holiday Monday treat of #SuccessionHBO with breakfast ğŸ³

A marmalade dropperâ€¦ in whatâ€™s already been quite a month of them!"
215,ğŸ³
216,How you like your Kewchie? â€¦ I mean eggs ğŸ³?
217,good luck for ticketing tmr!!! you wont see my ass for the ticketing war this time. i would not pay that much money just to see their sideburn ğŸ³ğŸ³ğŸ³
218,The last time I tried something that resembles cooking ğŸ³
219,cooking ğŸ³
220,ğŸ³
221,Wewito sabroso siğŸ³
222,"Dare I say it, but last week didnâ€™t go like a flash in the pan ğŸ³"
223,ğŸ³ preview sent
224,"Try these breakfast ideas if you are not too sure on what to make for breakfast. ğŸ³

From breakfast bowls to pancakes, whatâ€™s not to love?

These options are all quick, easy and delicious: Pexels"
225,Singh cooking ğŸ³
226,New content every couple of days till October ğŸ³ I know sheâ€™s mad she cannot ghost us any longer.
227,pat come on we same we in this ğŸ³-sexual world together
228,They frying him ğŸ³
229,Eggs ğŸ³ &amp; rabbit was Jesus Christ favorite foods to eat and what he ate on his last meal before passing over and resurrecting
230,I made an omelette with the egg thank you ğŸ³
231,French Revolution 2.0 cooking ğŸ³
232,Eggs ğŸ³ &amp; rabbit was Jesus Christ favorite foods to eat and what he ate on his last meal before passing over and resurrecting
233,gmm have a nice weekğŸ³
234,"Since Iâ€™m up I guess Iâ€™m making breakfast 

ğŸ³"
235,wait you might be onto something. youâ€™re cooking ğŸ³
236,In honor of this *egg*cellent weekendğŸ³
237,making you aware that lunchbox is cooking #ğŸ³
238,"ğŸ³ [STATION : NCT LAB] MARK ë§ˆí¬ 'Golden Hour' Streaming Chain ğŸ³

 

Tags: yang pengen mark lee undercut black hair 

GOLDEN HOUR OUT NOW #ë§ˆí¬ê°€_ë§ì•„ì£¼ëŠ”_ê³¨ë“ ì•„ì›Œ #GoldenHourWithMark"
239,You know darn well what weâ€™ve been cooking ğŸ³ #MAZURIGameFi
240,go to bed ğŸ³
241,I am  hank Marvin a wee fry will sort that ducker out ğŸ³
242,"WHY? Five cluesâ€¦
1.  Corporatisation of political parties. 
2. Royal Commission into institutional abuse. 
3. Robodebt Royal Commission 
4. Concentration of media in Australia 
5. This article ğŸ³"
243,wtb any P3/P4/P5 tickets please help me to meet mark leeğŸ³ #TDS2inKL
244,Reminder : Finish your daily eggs ğŸ³ before opening Twitter
245,"How would you like your eggs?

ğŸ³poached
ğŸ³over hard
ğŸ³over easy
ğŸ³scrambled
ğŸ³soft-boiled
ğŸ³hard-boiled
ğŸ³sunny side up

#Easter #LearnEnglish #Englishvocabulary"
246,The next generations cooked ğŸ³
247,This man is cooking ğŸ³
248,"Back when Unang Hirit's logo was just an egg. ğŸ³

Discussion Segment with Arnold Clavio, Rhea Santos, and Daniel Razon, circa 2004"
249,Some high brow humor right here ğŸ³ğŸ³
250,"ğŸ³Streaming Day 4ğŸ³
#1 - #4

#molosupportproject on genie 
#ë§ˆí¬ê°€_ë§ì•„ì£¼ëŠ”_ê³¨ë“ ì•„ì›Œ
#GoldenHourWithMark"
251,ğŸ³
252,"i wanna get to know more about you!!
   
1. spotify
2. Txt
3. yh one aso
4. Wisteria, ivory, beige
5. ğŸ³sexual
 6. Any 
 7. Red
8. Night
9. Music
10. AP mwhahaha

 drop an emoji for the questions!"
253,let me cook for you king ğŸ³
254,Spanish omelette? Into the oven son ğŸ³
255,"[#N17SELL] wts lfb nct mark ph

ğŸ³ golden hour collection by cap, bucket hat, tshirt, &amp; totebag]

â€”limited slots
â€”doo: 05/10 or until all slots taken
â€”dop: payo or until 05/10

more details on form. 

order here:"
256,He can ğŸ³ shirtless in his own kitchen. I'm sure his wife appreciated it.And 4 a sister 2 ask another sister y she let's him do dat is unbelievable. We as woman need 2 stay in our place and out of ppl marriage. I said what I said.
257,Easter vibes Lmao ğŸ³
258,"Hey Travis! Mind reaching out to our team at so they can assist? In the meantime, we reccomend using a bit of butter or oil and always sticking to low to medium heat to keep the non-stick silky smooth ğŸ³"
259,Got it !! You too !! ğŸ³
260,morninggg yenaaa! don't forget your breakfast ğŸ³ &lt;3
261,don't forget to eat breakfast ğŸ³ have a great day ahead !!
262,mornieee zeyyy! youu too :D don't forget breakfast ğŸ³
263,im late about this but mark's golden hour has been on loop since its release ğŸ³
264,If someone whoâ€™s secretly trans is called an â€˜eggâ€™ then a group of them is called an omelet. ğŸ³
265,Qrt the character vs how you drew the character ğŸ³
266,Cooking ğŸ³.  Difference is key. Trust ur guts
267,Todayâ€™s results had nothing to do with the totality of what I tweeted. Pitching stepped up. Offense didnâ€™t cash in. ğŸ³
268,"ğŸ³Nickel Diner 

This is a chill breakfast spot in DTLA thatâ€™s not overcrowded! 

Their ""5th and Main"" dish w/ spicy BBQ pork hash + poached eggs is my personal favorite.

If you enjoy the vibe of OG diners like I do, this is a good alternative of the original pantry cafe."
269,Chef Grogu 2 - Rise of the Eggs ğŸ³- #starwars #cooking #shorts #viral #fu... via
270,"lets gooo! ğŸ³
#MARK_GoldenHour #GoldenHourWithMark 
#ë§ˆí¬ #NCTë§ˆí¬ #MARK #ãƒãƒ¼ã‚¯"
271,IM CALLING GORDON OUT CUZ ITS THE GOLDEN HOURğŸ³
272,"PROOF #MARK_GoldenHour STREAMING CHAIN ğŸ³â™¡ !

 â˜†"
273,happy easter dipshits ğŸ³
274,We are taking breakfast ğŸ³ at this time in my country.
275,ã©ã†ç‚’ã‚ã¾ã—ã¦ğŸ³ğŸ³(ï½¡ãƒ»Ğ½ãƒ»ï½¡)ï¾Šï¾Ÿï½¸ï½¯
276,Some cooking ğŸ³ going on since yesterday I'm pretty sure the dinner is done.
277,What was he cooking ğŸ³
278,"Instead of looking for eggs around the yard, look for the egg within you ğŸ³"
279,SautÃ©ed up some #Vermont #Maple syrup #breakfast sausage today in my skillet ğŸ³ today for my #EasterBrunch. #Food #Foodies #SundayBrunch
280,moots im turning into just a sh account! i unfollowed all accounts that were only edtwt so if u wanna unfollow thats fine ğŸ³
281,Rise and shine itâ€™s deadite cooking ğŸ³ time #EvilDeadRise
282,What I Eat for Dinner at Home in Japan ğŸ³ Easy Okonomiyaki Recipeã€€#JapanTravelã€€#Trip #Japan
283,gm â™¡ğ¿ğ’¾ğ“ğ“ğ’¾ğ‘’ğ‘’â™¡ ğŸ³
284,Happy Easter ğŸ³
285,I donâ€™t know how to be fakeâ€¦not even for Easter. ğŸ³ğŸ³
286,hehe I love dungeon meshi!! looking forward to playing this ğŸ³
287,"Round 7:Circle the egggggggg and comment the screen shot! ğŸ³:) 
Scoreboard! 
Steve:2
Cassie:2
Never:2"
288,Cooking for one ğŸ³
289,She saw me cooking eggs and thought I was back at it ğŸ³
290,On my morning eggs ğŸ³!!! #sweepstakes
291,How many more ğŸ³s can you take bro?
292,$DXY cooking ğŸ³
293,"No egg, egg is  tiesoğŸ³ğŸ³ğŸ³"
294,"ITS TIME TOâ€¦. Cook some Breakfast for myself. 

Gonna Eat some scrambled eggs with Spam on toasted bagel bread with mayo season of course and some shredded cheese 

Thatâ€™s a Binxy Breakfast ğŸ³"
295,"About 14 years ago today, Satoshi published the Bitcoin white paper. 

Now #Planet_Kooky begin. ğŸ³
#BTC #NFT"
296,The Miners Rescue Cafe will be open from 10am for Breakfast ğŸ³ and the traditional Pie and Mash/chips before the match
297,"Happy Easter!ğŸ³

I wasn't going to do anything for Easter but I woke up in a cold sweat, remembering there's official art of Bunny Fuyuhiko with a Peko cookie. So I'm making that my new religion
#danganronpa #sdr2"
298,Happy Easter to those that celebrate as an excuse to make deviled eggs ğŸ³
299,"ğŸ³ Cooking streams: Share your favorite recipes, try new cuisines, or host themed cooking sessions. Bring food lovers together and explore the world of flavors! #CookingStream #Foodies"
300,Day 3 ğŸ³
301,Easter Sundayâ€¦chilling out relaxing after mass and ğŸ³ egg scrambled egg breakfast. Listening to a classic
302,"what if we were two little inkfish sleeping on an egg toast ğŸ³

art by"
303,"Wanna Know WHY
.... I CAN'T BREATHE
Sincerely, 
""Pink"" Floyd 
ğŸ³"
304,"i wanna get to know more about you!!
1. Nothing can top Spotify premium's algorithm
2. BON JOVI
3. No
4. Sky blue
5. Pansexual cuz they either fuck peter pan, Pan's labyrinth, panorama, or ğŸ³
6. noob/verb
7. #454545
8. Both
9. Games with great soundtrack
10. Meth(ematic)"
305,ğŸ³ egg
306,Todayâ€™s breakfast ğŸ³
307,cook ğŸ³ğŸ³
308,Whatâ€™s the best Easter themed card youâ€™ve seen today? ğŸ³
309,Making my babygirl a peeps bunny pancake with sprinkles &amp;white chocolate chips w/eggs ğŸ³
310,me making eggs while listening to golden hour ğŸ³
311,ğŸ³
312,iâ€™m still in love with thisğŸ³
313,"HamÂ and Cheese Breakfast Casserole

This breakfast casserole recipe makes your life easier on busy mornings, and is a great way to use leftover cooked ham (ahem... Easter Monday).

ğŸ³ Get the recipe: Pin for later:"
314,thoughts on golden hour ğŸ³ â€” It was really interesting. Even though it wasnt my style it was really goodâ€¦ I enjoyed it a lot and 10x more than child. The MV is really good. I wont really listen to it on my own but I like it #JYCC
315,Crack my Easter eggs ğŸ³
316,"closed my eyes for a minute (i swear) and itâ€™s already 7 pm, happy easter everyone ğŸ³"
317,JJ and his sister eating Easter eggs ğŸ³
318,gm and happy easter to you Joseph ğŸ³
319,Happy Easter ğŸ³
320,I love trying new recipes in the kitchen ğŸ³
321,Hey pal and you need eggs to make an omelette ğŸ³
322,"hell yeah, let the master cookğŸ³"
323,It's called the Jim Benning special ğŸ³
324,"Fried egg ğŸ³ means life.
At first, there's lyric ""my A course,"" and the owner always gives him what he has eaten.
The A course he ordered here like it is a glacier-sized ice (incredibly large diamond) that is large enough to fit his bank account."
325,Babe making breakfast ğŸ³ canâ€™t wait to eat
326,Happy Easter ğŸ³
327,"We've got something really nice cooking for you ğŸ³

#FEARTHEBEAST"
328,Frying eggs ğŸ³ for Iftar while still fasting. The aroma.
329,Crab cakes and grits for brunch. ğŸ³
330,"ğŸ³ Download song ğŸ³

#molosupportproject
#GoldenHourWithMark
#ë§ˆí¬ê°€_ë§ì•„ì£¼ëŠ”_ê³¨ë“ ì•„ì›Œ #ë§ˆí¬ì´ #ë§ˆí¬ #MARK #MARKLEE"
331,ITS YOUR TIME TO SHINEEEE ğŸ³
332,"[After getting hacked]
Amatsuki: My staff members brought me to Hakoke for a self-care trip but it was not the time or place for that so Iâ€™ll be going back ğŸ³"
333,"Thatâ€™s all for Easter Sunday, yolks ğŸ³"
334,Arsenal is cooking ğŸ³
335,"[#N17SELL] wts lfb nct mark ph

ğŸ³ golden hour collection by cap, bucket hat, tshirt, &amp; totebag]

â€”limited slots
â€”doo: 05/10 or until all slots taken
â€”dop: payo or until 05/10

more details on form. 

order here:"
336,ğŸ³ DAY 3
337,ğŸ³ British royals gather for first #Easter of King Charles' reign - 
338,double yolk on easter hmmm ğŸ³ğŸ³
339,"#jm4update 

Hello! ğŸ³

masterlist updated with new updates,for any update other than GOs please check whether your item is correct or not !

no changes = no update

for ina batch second payment will be distribute after raya to give way for korea item first thankQ"
340,"ğŸ³day 3

Total: 10 streams

#molosupportproject #MARK_GoldenHour
#ë§ˆí¬ê°€_ë§ì•„ì£¼ëŠ”_ê³¨ë“ ì•„ì›Œ
#GoldenHourWithMark"
341,"ğŸ³day 3

#molosupportproject #MARK_GoldenHour
#ë§ˆí¬ê°€_ë§ì•„ì£¼ëŠ”_ê³¨ë“ ì•„ì›Œ
#GoldenHourWithMark"
342,#merukaia: your idol mentioned your other idol ğŸ³
343,"One of my favorite flowers, the California native Matilija Poppy. Affectionately known as the 'fried egg flower'. ğŸ³"
344,"okay okay, but i'll still try my best not to break it! i once saw my gramma flip the sunny side egg and the yolk didn't break and it was a perfect egg ğŸ³ so like, ,, whoaaa. i guess if both of us are in the kitchen, it's gonna be so chaotic skfjdjsk. i'll see what i can do with +"
345,"When buer.exe said fuck asmodeus so you did the wonderful thing of mimic the Marina abramovic , and rejoice In cooking ğŸ³ that foo on some stove top no stuffing XD"
346,"Which kitchen would you cook up your long weekend feast in? ğŸ³

Rock The Block season finale April 10 at 10ep. Also on"
347,"[#CONTENT]
Are you curious about the secret behind success? We think it might have something to do with his favorite food ğŸ³

Tell us what is your favorite food to crush the day!
#BEONYX"
348,Gm Casey ğŸ³
349,GM Collin ğŸ³
350,"Hope youâ€™re all enjoying a nice holiday meal today! On a completely unrelated note, has anyone seen the Easter Bunny? ğŸ³"
351,EGGZZZZ ğŸ³ the song is so good like he ate so hardâ€¦
352,#FoodieLife Trying out a new restaurant for brunch ğŸ³
353,Damn guess it was a lose lose for him regardless cause he frying now anyway ğŸ³
354,"â€œEat jjapaghetti which Kyungsoo recommended today and sleep well ğŸ³â€
â€œEat jjapaghetti which Kyungsoo recommended today and sleep well ğŸ³â€
â€œEat jjapaghetti which Kyungsoo recommended today and sleep well ğŸ³â€
â€œEat jjapaghetti which Kyungsoo recommended today and sleep well ğŸ³â€"
355,21.02ğŸ³
356,"1/ tweet came out yesterday but it went crazy so far

Why people are hyped about it? Free Mint with only 796 supply and VC funded

Also this project will have partnership with top-3 Hongkong's crypto platform

Competition is crazy but with info above it's a ğŸ³"
357,G to the M ! ğŸ³
358,Cooking ğŸ³
359,"Sunny Side Up ğŸ³: Boiling Frog Syndrome, Potato Chips Pollution &amp; Iceberg Spending via"
360,44 ğŸ³ğŸ³ğŸ³
361,Typical Republican brain on drugs. ğŸ³ #Texas
362,"(Life hack) 

When frying eggs ğŸ³
DONT use oil,oil is bad for you 
Use butter instead 
Itâ€™s really delicious"
363,"Making last-minute dishes for your #Easter celebration? Jacques PÃ©pin is here to help with sp-egg-tacular cooking tips for perfectly cooked eggs, like how to get rid of the green tinge around a hard boiled egg and how to make a gorgeous ouef mollet. ğŸ³"
364,"#MARK_GoldenHour STREAMING CHAINğŸ³

 

tag : with your proof! 

 GOLDEN HOUR OUT NOW 
#ë§ˆí¬ê°€_ë§ì•„ì£¼ëŠ”_ê³¨ë“ ì•„ì›Œ  #MARK_GoldenHour"
365,"#MARK_GoldenHour STREAMING CHAINğŸ³

 

tag : with your proof! 

 GOLDEN HOUR OUT NOW 
#ë§ˆí¬ê°€_ë§ì•„ì£¼ëŠ”_ê³¨ë“ ì•„ì›Œ  #MARK_GoldenHour"
366,"ğŸ³ drop ur nsd here, even im not joining ill hype it tomorrow. show me ur gorg couple pictureess everyonee!!!"
367,happy easter ğŸ³
368,Oh Chris-canâ€™t believe this post.Spent many happy weekends in a log cabin nestled amongst the gum trees at beautiful Guerrilla Bay.Remember cooking ğŸ³ chilli con carne outside on the primitive bbq when an enormous goanna hurtled up tree next to me. Unspoiled &amp; wonderful in â€˜70s.
369,Iâ€™m finna make her hash brown eggs and biscuits maybe some chicken sausage.ğŸ³
370,"ğŸ³: ""oh my. you must be a strange one to take an interest in me. very well, i suppose. although... i cannot promise it will be a fun story.""
â€» minisode - ""the young assassin"""
371,"ğŸ³ day 3 (230409) â€” 2x

#ë§ˆí¬ê°€_ë§ì•„ì£¼ëŠ”_ê³¨ë“ ì•„ì›Œ
#MARK_GoldenHour #MARK
#molosupportproject"
372,"ğŸ³ day 3 (230409) â€” 4x

#ë§ˆí¬ê°€_ë§ì•„ì£¼ëŠ”_ê³¨ë“ ì•„ì›Œ
#MARK_GoldenHour #MARK
#molosupportproject"
373,"Gmgm Base. Have a grand day, my fren. Happy Easter ğŸ³"
374,"ğŸ³ day 3 (230409) â€” 4x

#ë§ˆí¬ê°€_ë§ì•„ì£¼ëŠ”_ê³¨ë“ ì•„ì›Œ
#MARK_GoldenHour #MARK
#molosupportproject"
375,Wee Crazy is working on an Easter surprise ğŸ³
376,ğŸ³
377,ğŸ³
378,ğŸ³
379,"STATION : NCT LAB] MARK ë§ˆí¬ 'Golden Hour' Streaming Chain ğŸ³

Ytb : 

GOLDEN HOUR OUT NOW
#ë§ˆí¬ê°€_ë§ì•„ì£¼ëŠ”_ê³¨ë“ ì•„ì›Œ
#GoldenHourWithMark"
380,Pleased to announce i won this year's family easter egg hunt â˜†ğŸ³
381,I do all the cooking ğŸ³
382,! Finally made a decent omelette. I thought I had lost the art ğŸ³
383,Happy Easter! ğŸ³
384,Fish home fries and cheese eggs ğŸ³
385,"Home of Chicago's famous Filipino breakfast. {spam, longanisa, and tocino at #UncleMikesPlace} // ğŸ³ #fabfoodchicago // Neighborhood: Ukrainian Village // FAB TIP: Open 7 days a week from 6 a.m. - 2 p.m. // Sound: Let Me Blow Ya Mind - TYMMA &amp; Eden Golan"
386,â€”ğŸ³ #molosupportproject
387,Gm VICTS. Happy Easter ğŸ³
388,ğŸ³
389,"ğŸ³ DAY 3 - 230409
stream count : 25

#ë§ˆí¬ê°€_ë§ì•„ì£¼ëŠ”_ê³¨ë“ ì•„ì›Œ
#MARK_GoldenHour #MARK
#molosupportproject"
390,"ğŸ³ DAY 3 - 230409
stream count : 22

#ë§ˆí¬ê°€_ë§ì•„ì£¼ëŠ”_ê³¨ë“ ì•„ì›Œ
#MARK_GoldenHour #MARK
#molosupportproject"
391,"h,happy easter? everyone????? ğŸ³ am i doing it right am i eastering"
392,"ğŸ³ DAY 3 - 230409
stream count : 20

#ë§ˆí¬ê°€_ë§ì•„ì£¼ëŠ”_ê³¨ë“ ì•„ì›Œ
#MARK_GoldenHour #MARK
#molosupportproject"
393,"ğŸ³ DAY 3 - 230409
stream count : 18

#ë§ˆí¬ê°€_ë§ì•„ì£¼ëŠ”_ê³¨ë“ ì•„ì›Œ
#MARK_GoldenHour #MARK
#molosupportproject"
394,ğŸ³:
395,Hope they will reveal soonâ€¦ we want that omelette and not breaking more 'degen' eggs ğŸ³
396,"38
golden hourğŸ³"
397,"Gm gm Lubo. Happy Easter ğŸ³, if you celebrate the holiday."
398,"ğŸ³
IVE FIRST ALBUM IS COMING
#IveIVE_HIGHLIGHTMEDLEY
#IveIVE #ì•„ì´í•´ë¸Œì•„ì´ë¸Œ"
399,Happy easter ğŸ³
400,recommended today and sleep well. ğŸ³
401,"#MARK_GoldenHour STREAMING CHAIN ğŸ³

 

tags :  

QRT with your proof  

GOLDEN HOUR OUT NOW  
#ë§ˆí¬ê°€_ë§ì•„ì£¼ëŠ”_ê³¨ë“ ì•„ì›Œ #MARK_GoldenHour #MARK"
402,18.00ğŸ³
403,"ğŸ³ğŸ³ğŸ³ğŸ³

#GoldenHour by #MARK
Of #NCT"
404,recommended by Kyungsoo todayğŸ³
405,"Happy Easter to all! If you're reaching for the chocolate bunnies, peeps and jellybeans today, donâ€™t forget to give your teeth an ğŸ³celent brush and floss before bed. #HappyEaster #Easter"
406,"Server: Asia-S2.EL NIDO [AS]
6 Eggs ğŸ³ I nearly missed the one one the eye."
407,"#MARK_GoldenHour STREAMING CHAINğŸ³

 

tag : 

QRT with your proof! 

 GOLDEN HOUR OUT NOW 
#ë§ˆí¬ê°€_ë§ì•„ì£¼ëŠ”_ê³¨ë“ ì•„ì›Œ  #MARK_GoldenHour"
408,"Instead of this I want them playing 
In the same team (man city) with Alvarez in front 
ğŸ³ This will cook"
409,"""have a good sleep (after) eating chapagetti recommended by kyungsoo todayğŸ³"" -park chanyeol"
410,My easter eggs will explode ğŸ³ğŸ³lol
411,Chanyeol bubble: â€œHave a good night eating Chapagetti recommended by Kyungsoo ğŸ³â€
412,Ig it's time for me to make breakfast ğŸ³
413,Happy Egg Day Twitter friends ğŸ³
414,"ğŸ³ğŸ³ğŸ³ 
#GoldenHour by #MARK
Of #NCT"
415,His brain is cooked from living in the desert.. ğŸ³
416,"Your language is so miserable.
It is your state of mind. 
You all are not so qualified.
Allah Hidayat Dy.
I'm quitting this argument because of your bad language. Over to you ğŸ³ğŸ³ğŸ³.
No more comments"
417,ğŸ³
418,"I quite like getting the long train back to Glasgow from Edinburgh, particularly cos it goes through Coatbridge Sunnyside which always conjures up images of an American breakfast ğŸ³"
419,All I can think about it how badly I want an eggs Benedict now. ğŸ³
420,This is your brain on Chomsky ğŸ³
421,LRT looking so cute! i wonder what kind of delicious food we can cook ğŸ³
422,"Happy Easter to you too, pal ğŸ³"
423,aaa the give away still on going i will close tonight! ğŸ³
424,closed ğŸ³
425,ğŸ³
426,Itâ€™s wet here but I had a lovely bacon and eggs ğŸ³
427,9ì¼ 20ì‹œğŸ³
428,I love crumpets with baked beans and a fried egg on top ğŸ³
429,"Attention all hunters!

We  are extending our Easter egg hunt till tomorrow (Easter Monday) so find the eggs and win the prize ğŸ³."
430,"its eastertime
ğŸ³"
431,"Mark Lee - Golden Hour MV
2,000,967 ViewsğŸ³
At 6pm WIB

#MARK_GoldenHour #GoldenHour
#ë§ˆí¬ê°€_ë§ì•„ì£¼ëŠ”_ê³¨ë“ ì•„ì›Œ
#GoldenHourWithMark"
432,"my apologies for the lack of art everyone â—‹|ï¿£|ï¼¿ but don't you worry, i'm cooking up something to make up for it ğŸ³"
433,Did you see that ğŸ³
434,Gm happy easter twinğŸ³ğŸ³ğŸ³
435,"DAY 3 ğŸ³
[230409]

#molosupportproject"
436,DAY 3 ENDS ğŸ³
437,ğŸ³ whoops it cracked
438,made the best scrambled eggs of my life this morning happy easter ğŸ³
439,These half ğŸ³ think themselves superior when abusing #ilaiyaraaja...
440,"To me chimamanda made my easter stew with the frying ğŸ³ of Tinubu camp, the flavor is something else...."
441,dont forget to streaming #GoldenHour ğŸ³
442,Today special cooking ğŸ³ğŸ³ğŸ³ by à®•à®µà®¿à®à®°à¯ à®®à®¾à®©à®¸à¯à®¤à®©à¯...
443,ğŸ³
444,"If I had a verse on â€˜Golden Hourâ€™ ğŸ³

#MARK #ë§ˆí¬ #GoldenHour #NCT 
#NCT127 #NCTDREAM"
445,"Happy Easter everybody!

Went for a simple but effective lemon â€˜fried eggâ€™ cake this year! ğŸ³ You just canâ€™t go wrong with any sort of lemon cake!"
446,14 ğŸ³
447,"You don't need to get tired to make an omelette, we already have it ğŸ³"
448,"Have an egg-quisite Easter weekend! ğŸ³ 

#TheWallaceCollection #Easter #DecorativeArts #Sevres #MadamePompadour #Porcelain"
449,"â€¦ you can always give it another crack ğŸ³â€¦ only yolkin ğŸ³â€¦. If it first you donâ€™t succeed, try and try again! You got this!"
450,Frohe Ostern! ğŸ³
451,Our eggs are in the pan ğŸ³
452,ğŸ³  #EGGBABYCAFE #ä¸Šé‡
453,"I thought for sure at 1st it was gonna be smooth; then, it took a quick ugly turn &amp; became that broken ğŸ³"
454,"ğŸ³I didn't mind technology progress/changes world,which is just fade on a background of immortalized civil hates&amp;wars...."
455,18:00 ì¸ì¦ğŸ³
456,Chapagetti with kimchi &amp; sunny side up egg it is!ğŸ³
457,"(Cook)ing You Dirty

ğŸ³ Explicit
ğŸ³ Fandom: NCT, SHINee
ğŸ³ Pairing: Key/Mrk Lee
ğŸ³ Canon Compliant,  PWP 

L1NK B3L0W"
458,"How do you like your eggs? ğŸ³

Eggs are tasty, easy to make and have a lot of health benefits for people of all ages, but the benefits of boiled eggs can go a long way. 

Find out more: Pexels"
459,Had to scroll manually through twitch to find a ğŸ³ show stream whew
460,PROOF STREAMING GOLDEN HOUR ğŸ³
461,"Thanks, Aubrey â€¦ must be early morning over there â€¦ here Easter breakfast ğŸ³"
462,Eggs. Always eggs ğŸ³
463,activate the playoffs mode ğŸ³
464,Sunday breakfast with the famğŸ³&gt;&gt;&gt;
465,Chef #Chovy ğŸ³
466,"ğŸ³DAY 3 - on genie #10

GOLDEN HOUR OUT NOW ğŸ³
#ë§ˆí¬ê°€_ë§ì•„ì£¼ëŠ”_ê³¨ë“ ì•„ì›Œ
#GoldenHourWithMark
#molosupportproject 
#MARK_GoldenHour"
467,Happy Easter...!!ğŸ³
468,"â€” Day 3 : END
ğŸ³ Total streaming: 10x 

#ë§ˆí¬ê°€_ë§ì•„ì£¼ëŠ”_ê³¨ë“ ì•„ì›Œ
#MARK_GoldenHour #GoldenHourWithMark #molosupportproject"
469,"Happy Easter Sunday! ğŸ³

Mike and I have managed to get episode 5: Gold Mamba done! Effort. We have a chinwag about the new Best Single Malt in the World and the #worldwhiskyawards winners over the last few years #whisky #whiskypodcasts"
470,I think there are 14 in total (including the ğŸ³)
471,behind the scenes of Golden Hour music video ğŸ³
472,11.31ğŸ³
473,8.30ğŸ³
474,You are using my weakness against me:ğŸ³
475,someone dm me exo cooking show link ğŸ³
476,"Me wondering: so does that mean, once we get good enough we can make omelette without breaking eggs.ğŸ³"
477,"See that stamp on your eggs?

It's the EU egg code:
ğŸ³ Number indicating the production method 
ğŸ¬ organic
ğŸ­ free range
ğŸ® deep litter
ğŸ¯ cage farming 

ğŸ³ Two-letter code for the country of origin
Here, AT=Austria

ğŸ³ Registration number of the producer"
478,don't forget to stream golden hourğŸ³
479,"ğŸ³[STATION : NCT LAB] MARK ë§ˆí¬ 'Golden Hour' YouTube Streaming 
#GoldenHourWithMark
#MARK_GoldenHour #GoldenHour
#MGHD3_GoldenMark 
#MGHD3_LEEnvander"
480,"i donâ€™t know how to make eggs, 
but that i do not stress
because iâ€™ve never been hungry. ğŸ³"
481,interact with me bffs ! ğŸ³
482,"GOLDEN HOUR OUT NOW ğŸ³
#ë§ˆí¬ê°€_ë§ì•„ì£¼ëŠ”_ê³¨ë“ ì•„ì›Œ
#GoldenHourWithMark"
483,"GOLDEN HOUR OUT NOW ğŸ³
#ë§ˆí¬ê°€_ë§ì•„ì£¼ëŠ”_ê³¨ë“ ì•„ì›Œ
#GoldenHourWithMark"
484,"GOLDEN HOUR OUT NOW ğŸ³
#ë§ˆí¬ê°€_ë§ì•„ì£¼ëŠ”_ê³¨ë“ ì•„ì›Œ
#GoldenHourWithMark"
485,"GOLDEN HOUR OUT NOW ğŸ³
#ë§ˆí¬ê°€_ë§ì•„ì£¼ëŠ”_ê³¨ë“ ì•„ì›Œ
#GoldenHourWithMark"
486,"GOLDEN HOUR OUT NOW ğŸ³
#ë§ˆí¬ê°€_ë§ì•„ì£¼ëŠ”_ê³¨ë“ ì•„ì›Œ
#GoldenHourWithMark"
487,"GOLDEN HOUR OUT NOW ğŸ³
#ë§ˆí¬ê°€_ë§ì•„ì£¼ëŠ”_ê³¨ë“ ì•„ì›Œ
#GoldenHourWithMark"
488,"another proofsğŸ³ğŸ³
#ë§ˆí¬ê°€_ë§ì•„ì£¼ëŠ”_ê³¨ë“ ì•„ì›Œ
#GoldenHourWithMark
#MARK_GoldenHour"
489,The bible is basically fan fiction. Happy easter! ğŸ³
490,"calling gordon out, cause it's the golden hour ğŸ³

#NSD #NCTzenSelcaDay #NCT127 #NCTDREAM #NCT #MARK #ë§ˆí¬"
491,"streaming proofs ğŸ³ğŸ³ğŸ³
GOLDEN HOUR by MARK LEE
#ë§ˆí¬ê°€_ë§ì•„ì£¼ëŠ”_ê³¨ë“ ì•„ì›Œ
#GoldenHourWithMark
#MARK_GoldenHour"
492,Like small little tiny robot guy who got stuck in a squash and everyone calls him Gourd and wields frying pan as weapon ğŸ³
493,"thank your for the give awaay, here's the proofsğŸ³ğŸ³GOLDEN HOUR OUT NOW
#ë§ˆí¬ê°€_ë§ì•„ì£¼ëŠ”_ê³¨ë“ ì•„ì›Œ
#GoldenHourWithMark
#MARK_GoldenHour"
494,everything about his new solo is art ğŸ³
495,"ğŸ³DAY 3 - on genie #10

GOLDEN HOUR OUT NOW ğŸ³
#ë§ˆí¬ê°€_ë§ì•„ì£¼ëŠ”_ê³¨ë“ ì•„ì›Œ
#GoldenHourWithMark
#molosupportproject 
#MARK_GoldenHour"
496,ğŸ³
497,"ğŸ³DAY 3 - on genie #10

GOLDEN HOUR OUT NOW ğŸ³
#ë§ˆí¬ê°€_ë§ì•„ì£¼ëŠ”_ê³¨ë“ ì•„ì›Œ
#GoldenHourWithMark
#molosupportproject 
#MARK_GoldenHour"
498,"ğŸ³DAY 3 - on genie #10

GOLDEN HOUR OUT NOW ğŸ³
#ë§ˆí¬ê°€_ë§ì•„ì£¼ëŠ”_ê³¨ë“ ì•„ì›Œ
#GoldenHourWithMark
#molosupportproject 
#MARK_GoldenHour"
499,"ğŸ³DAY 3 - on genie #10

GOLDEN HOUR OUT NOW ğŸ³
#ë§ˆí¬ê°€_ë§ì•„ì£¼ëŠ”_ê³¨ë“ ì•„ì›Œ
#GoldenHourWithMark
#molosupportproject 
#MARK_GoldenHour"
500,"ğŸ³DAY 3 - on genie #10

GOLDEN HOUR OUT NOW ğŸ³
#ë§ˆí¬ê°€_ë§ì•„ì£¼ëŠ”_ê³¨ë“ ì•„ì›Œ
#GoldenHourWithMark
#molosupportproject 
#MARK_GoldenHour"
501,"ğŸ³DAY 3 - on genie #10

GOLDEN HOUR OUT NOW ğŸ³
#ë§ˆí¬ê°€_ë§ì•„ì£¼ëŠ”_ê³¨ë“ ì•„ì›Œ
#GoldenHourWithMark
#molosupportproject 
#MARK_GoldenHour"
502,This is your ğŸ³ on Easter.
503,"STATION : NCT LAB] MARK ë§ˆí¬ 'Golden Hour' Streaming Chain ğŸ³

Ytb : 

GOLDEN HOUR OUT NOW
#ë§ˆí¬ê°€_ë§ì•„ì£¼ëŠ”_ê³¨ë“ ì•„ì›Œ
#GoldenHourWithMark"
504,"ğŸ³ MARK ë§ˆí¬ 'Golden Hour' MV ğŸ³STREAMING on MELON

#MARK_GoldenHour #GoldenHourWithMark 
#ë§ˆí¬ê°€_ë§ì•„ì£¼ëŠ”_ê³¨ë“ ì•„ì›Œ #MARK #ë§ˆí¬  
#molosupportproject"
505,"ğŸ³ MARK ë§ˆí¬ 'Golden Hour' MV ğŸ³STREAMING on MELON

#MARK_GoldenHour #GoldenHourWithMark 
#ë§ˆí¬ê°€_ë§ì•„ì£¼ëŠ”_ê³¨ë“ ì•„ì›Œ #MARK #ë§ˆí¬  
#molosupportproject"
506,"ğŸ³ MARK ë§ˆí¬ 'Golden Hour' MV ğŸ³STREAMING on MELON

#MARK_GoldenHour #GoldenHourWithMark 
#ë§ˆí¬ê°€_ë§ì•„ì£¼ëŠ”_ê³¨ë“ ì•„ì›Œ #MARK #ë§ˆí¬  
#molosupportproject"
507,Donâ€™t forget to eat your eggs daily ğŸ³
508,crack it like an egg early sunday morningğŸ³ WHEW
509,"Got to break a few eggs to make an omelette â€¦ ğŸ³
Quote ""Elon Musk"""
510,"ğŸ³ English Breakfast

Alicante
Costa Blanca
Benidorm Beach

#EnglishBreakfast #City #Spain #Alicante #CostaBlanca #Benidorm #City #Beach
#Travel #Traveling #Travelers #Airport #TravelTheWorld #Airplane"
511,Who wants to  invite me to Easter dinner  and what all you cooking ğŸ³
512,You are right on track with  being on your list. WAGMI ğŸ³
513,"I got a really big problem...
I don't know how to make eggs. ğŸ³

#NSD #NCTzenSelcaDay #NCTDREAM #NCT127 #MARKLEE #MARK_GoldenHour #NCTzens"
514,"ğŸ³ English Breakfast

Alicante
Costa Blanca
Benidorm Beach

#EnglishBreakfast #City #Spain #Alicante #CostaBlanca #Benidorm #City #Beach
#Travel #Traveling #Travelers #Airport #TravelTheWorld #Airplane"
515,"Letâ€™s join streaming GOLDEN HOURğŸ³

Tag: 
#ë§ˆí¬ #MARK
#ë§ˆí¬ê°€_ë§ì•„ì£¼ëŠ”_ê³¨ë“ ì•„ì›Œ 
#MARK_GoldenHour"
516,ğŸ³Ee-mail
517,"Who said quinoa is only for lunch and dinner?? ğŸ³
These 27 quinoa #breakfast #recipes prove that this versatile grain can be just as delicious in the morning.
Let's start your day off right with a nutritious and delicious quinoa"
518,"I wanna get to know more about you! 

1. Spotify  
2. My Chemical Romance 
3. Yes. Two doggies.
4. Blue and Green
5. Pan ğŸ³
6. He/They
7. Green 
8. Night owl 
9. Music
10. Drawing architecture

Drop an emoji for the questions!"
519,"I wear gloves, greasy cooking  ğŸ³ hot Hot water,
And I have good washing up liquid."
520,"GOLDEN HOUR OUT NOW ğŸ³
#ë§ˆí¬ê°€_ë§ì•„ì£¼ëŠ”_ê³¨ë“ ì•„ì›Œ
#GoldenHourWithMark"
521,Hmm but I also love scrambled eggs and omelette ğŸ³
522,"Ohk thn solve this while ğŸ³s getting cooked

If a hen and a half lays an egg and a half in a day and a half, how many eggs will half a dozen hens lay in half a dozen"
523,ğŸ³ Home chefs &amp; foodies! Master culinary skills your food creations Cook up a storm and cash in! #CulinarySkills #HomeChef
524,"#MARK_GoldenHour STREAMING ğŸ³ 

GOLDEN HOUR OUT NOW
#ë§ˆí¬ê°€_ë§ì•„ì£¼ëŠ”_ê³¨ë“ ì•„ì›Œ
#MARK_GoldenHour"
525,"JPVtuber ESVtuber ENVtuber Tamago ğŸ³ãŸã¾ã” beings her subscribers audience participation stream today, as she invites you to play Fortnite."
526,I have been binge watching Eastenders all day. I think my brain is officially fried ğŸ³
527,"Day 3 ğŸ³
[230409]

#molosupportproject"
528,"Honestly, that's when love for wips start haha cooking ğŸ³"
529,What did the store clerk say to the black brotherâ€¦for asking about Store Credit  to get a 40oz of Old English for breakfast ğŸ³
530,"Iâ€™m not worried about killing them, I want the best ğŸ³ I can get. I googled what jirdoi chickens eat. I canâ€™t figure out how to get the apples small enough"
531,happy easter ig!!!!! ğŸ³ 
532,"ğŸ³ To end things off, I would just like to say: thank you, crew! Thank you to Jared, Helen, the talented artists, the music men, and all of the above for creating such a thoughtful tale that holds just as much whimsy as the previous season did, and I only hope to comment on it,"
533,"ğŸ³ To finish this overly long thread from getting longer, I can finally let loose and talk about my absolute favorite aspect from S2: Sam and Pam."
534,"ğŸ³ The season's approach to tackling propaganda and its effects it has on ignorant folk, as well as the youth that tries to fight for a sunnier tomorrow, are topics that, while relatively simple, are conveyed easily and accessible for it."
535,"ğŸ³ The additions of Dookess and Dooka are just as fun to watch, seeing these bitter siblings spit bigotry at each other for something so minuscule. I would've loved to have seen more of them admittedly, acting as a C plot akin to Snerz's involvement, but they're a joy regardless."
536,"ğŸ³ A small addition, but I appreciated seeing Michellee be given time off-screen to relax while not withdrawing her from the story entirely, instead becoming involved near the end and knocking some much-needed sense into Guy's noggin that motivates him to be better."
537,"ğŸ³ Another aspect I really enjoyed was E.B. Just E.B. in general, getting to see her again and have her rebellious justice be challenged by adult interference. She's as spunky as ever and a joy to watch, not to mention her blooming connection with Looka over the season."
538,"ğŸ³ This segues nicely into an aspect I really appreciate this season, that being Sam and Guy's friendship. Regardless of how long the timeskip is, you can tell these two have known each other long enough that they can be silly together yet still provide support to each other."
539,"ğŸ³ The characters have grown a bit since Season 1, now revolving around Guy being a family man and putting emphasis on Sam's desire to find his mother. There are new dynamics to explore here, and thus new drama that unfurls."
540,"ğŸ³ First off, the art direction and animation are just as top-tier as Season 1's, and dare I say even more so in some aspects. New and returning animators give it their all, the shading's softer, and the backgrounds are just as beautiful, showing us new and inviting locales."
541,Gm whats your breakfast today ?ğŸ³
542,"She was ridiculous! ğŸ³

Another"
543,"Elon Musk said:

Got to break a few eggs to make an omelette â€¦ ğŸ³

This sentence is the soul of a scientistï¼ï¼"
544,The way I don't have gudetama accessories on my luggage yet and now I must!! Sad egg representğŸ³
545,happy easter!! ğŸ³
546,ğ™‚ğ™¤ğ™¤ğ™™ ğ™ˆğ™¤ğ™§ğ™£ğ™ğ™£ğ™œ ğ“‚ƒ ğ“ˆ’ğ“¸â—ŒğŸ³
547,Two is enough ğŸ³
548,"Happy Easter Markfs.
Mark Leeâ€™s Golden Hour is included in this playlist: K-Pop Risingâ€¦ give it a listen!!! ğŸ³ğŸ³ğŸ³

#GoldenHourWithMark
#MARK_GoldenHour 

"
549,"And both men can cook.
Sancar can fry eggs. ğŸ³
#EnginAkyÃ¼rek"
550,I like my omelette with eggs ğŸ³
551,What a positive outlook. I woulda been like WHOâ€™S GETTING FIRED!!! Lol!! But if I had moneyâ€¦. I would probably have his same outlook. ğŸ³
552,"#MARK_GoldenHour STREAMING PARTYğŸ³ 

#ë§ˆí¬ê°€_ë§ì•„ì£¼ëŠ”_ê³¨ë“ ì•„ì›Œ
#MARK_GoldenHour"
553,"ğŸ³DAY 3 - on genie #10

GOLDEN HOUR OUT NOW ğŸ³
#ë§ˆí¬ê°€_ë§ì•„ì£¼ëŠ”_ê³¨ë“ ì•„ì›Œ
#GoldenHourWithMark
#molosupportproject 
#MARK_GoldenHour"
554,"ğŸ³DAY 3 - on genie #10

GOLDEN HOUR OUT NOW ğŸ³
#ë§ˆí¬ê°€_ë§ì•„ì£¼ëŠ”_ê³¨ë“ ì•„ì›Œ
#GoldenHourWithMark
#molosupportproject 
#MARK_GoldenHour"
555,Hold on honey ima just grab this one little thing I need that weighs more than the rest of our luggage combined ğŸ³
556,"[STATION : NCT LAB] MARK ë§ˆí¬ 'Golden Hour' STREAMING on Melon, Spotify, Youtube and Appmus ğŸ³

#ë§ˆí¬ê°€_ë§ì•„ì£¼ëŠ”_ê³¨ë“ ì•„ì›Œ
#GoldenHourWithMark
#MARK_GoldenHour #MARK
#MGHD3_Eggfriends"
557,Thanks for streaming ğŸ³
558,"#MARK_GoldenHour STREAMING ğŸ³ 

GOLDEN HOUR OUT NOW
#ë§ˆí¬ê°€_ë§ì•„ì£¼ëŠ”_ê³¨ë“ ì•„ì›Œ
#MARK_GoldenHour"
559,Blonde ğŸ³ (I don't have a knife)
560,"Happy Easter from the Tait family. Hope your family has a great day. A great Cafe 63 breakfast ğŸ³ and a trip to the iconic Toowoomba venue, Picnic Point."
561,ğŸ³
562,Such a marvelous work of art ğŸ³ #MARKLEE
563,"Wow! If this is wrong, the people at ET is gonna have an ğŸ³ on their faces. If it's true, Reputation, Lover, and Midnights are gonna hit so differently."
564,"ğŸ³ sg, my, ph, th, and tw shipping are available with shopee 
ğŸ³ interested? DM for order and more info ^^
ğŸ³ #MARK_GoldenHour #MarkLee2ndSolo #pasarNCT"
565,ğŸ³
566,"morningğŸ³
æ­¦é›„ç«¶è¼ªã€€2æ—¥ç›®ã€€æ··æˆ¦
è›™ã®ç«¶è¼ªäºˆæƒ³ #note"
567,i have no idea whatâ€™s going in the qrts but mark did what he did and served in this music video good night ğŸ³
568,"Itâ€™s no eggs-cuse, but RD Martinâ€™s yokes are well-intended ğŸ³"
569,"WTS #TDS2inKL

ğŸ³ P3 419 ROW N 2tix (side by side)
ğŸ³ offer your price RM &gt;700 (with ts) in the form accept the price that I'm comfortable with!

i got desired sect
#TDS2inKL #pasarNCT"
570,on his dick for something he ainâ€™t do ğŸ³
571,STREAM GOLDEN HOUR  #7YearsWithMark ğŸ³
572,"Lasagna spaghetti texture of the noodles specifically after being recooked in the microwave 
Runny eggs ğŸ³ just gross"
573,Him againğŸ³
574,You fried your best ğŸ³
575,youtube is so right about this!! weâ€™re all ğŸ³ obsessed ğŸ³ with Golden Hour. #MARK_GoldenHour #GoldenHourWithMark #MARK
576,EXCUSE ME. EGG ğŸ³
577,"ğŸ³day2

GOLDEN HOUR OUT NOW
#ë§ˆí¬ê°€_ë§ì•„ì£¼ëŠ”_ê³¨ë“ ì•„ì›Œ
#MARK_GoldenHour #MARK"
578,"Cooking-related Verbs in Greek! ğŸ³ PS: Learn Greek with the best FREE online resources, just click here"
579,"Cooking-related Verbs in Bulgarian! ğŸ³ PS: Learn Bulgarian with the best FREE online resources, just click here"
580,"Cooking-related Verbs in Chinese! ğŸ³ PS: Learn Chinese with the best FREE online resources, just click here"
581,"Cooking-related Verbs in Afrikaans! ğŸ³ PS: Learn Afrikaans with the best FREE online resources, just click here"
582,"Cooking-related Verbs in Spanish! ğŸ³ PS: Learn Spanish with the best FREE online resources, just click here"
583,"Cooking-related Verbs in Arabic! ğŸ³ PS: Learn Arabic with the best FREE online resources, just click here"
584,"Cooking-related Verbs in Hindi! ğŸ³ PS: Learn Hindi with the best FREE online resources, just click here"
585,"Cooking-related Verbs in Filipino! ğŸ³ PS: Learn Filipino with the best FREE online resources, just click here"
586,"Cooking-related Verbs in Hebrew! ğŸ³ PS: Learn Hebrew with the best FREE online resources, just click here"
587,"Cooking-related Verbs in German! ğŸ³ PS: Learn German with the best FREE online resources, just click here"
588,"Cooking-related Verbs in Italian! ğŸ³ PS: Learn Italian with the best FREE online resources, just click here"
589,"Cooking-related Verbs in English! ğŸ³ PS: Learn English with the best FREE online resources, just click here"
590,"Cooking-related Verbs in Thai! ğŸ³ PS: Learn Thai with the best FREE online resources, just click here"
591,"Cooking-related Verbs in Danish! ğŸ³ PS: Learn Danish with the best FREE online resources, just click here"
592,"Cooking-related Verbs in Urdu! ğŸ³ PS: Learn Urdu with the best FREE online resources, just click here"
593,"Cooking-related Verbs in Czech! ğŸ³ PS: Learn Czech with the best FREE online resources, just click here"
594,"Cooking-related Verbs in Turkish! ğŸ³ PS: Learn Turkish with the best FREE online resources, just click here"
595,"Cooking-related Verbs in Finnish! ğŸ³ PS: Learn Finnish with the best FREE online resources, just click here"
596,"Cooking-related Verbs in Polish! ğŸ³ PS: Learn Polish with the best FREE online resources, just click here"
597,"Cooking-related Verbs in Norwegian! ğŸ³ PS: Learn Norwegian with the best FREE online resources, just click here"
598,"Cooking-related Verbs in Dutch! ğŸ³ PS: Learn Dutch with the best FREE online resources, just click here"
599,"Cooking-related Verbs in Persian! ğŸ³ PS: Learn Persian with the best FREE online resources, just click here"
600,"Cooking-related Verbs in Swahili! ğŸ³ PS: Learn Swahili with the best FREE online resources, just click here"
601,"Cooking-related Verbs in French! ğŸ³ PS: Learn French with the best FREE online resources, just click here"
602,"Cooking-related Verbs in Japanese! ğŸ³ PS: Learn Japanese with the best FREE online resources, just click here"
603,"Cooking-related Verbs in Vietnamese! ğŸ³ PS: Learn Vietnamese with the best FREE online resources, just click here"
604,"Cooking-related Verbs in Korean! ğŸ³ PS: Learn Korean with the best FREE online resources, just click here"
605,"Cooking-related Verbs in Swedish! ğŸ³ PS: Learn Swedish with the best FREE online resources, just click here"
606,"Cooking-related Verbs in Russian! ğŸ³ PS: Learn Russian with the best FREE online resources, just click here"
607,"Cooking-related Verbs in Portuguese! ğŸ³ PS: Learn Portuguese with the best FREE online resources, just click here"
608,"Cooking-related Verbs in Hungarian! ğŸ³ PS: Learn Hungarian with the best FREE online resources, just click here"
609,"Cooking-related Verbs in Indonesian! ğŸ³ PS: Learn Indonesian with the best FREE online resources, just click here"
610,"Cooking-related Verbs in Romanian! ğŸ³ PS: Learn Romanian with the best FREE online resources, just click here"
611,Hell's paradise is ğŸ³ well
612,part 2 is cooking ğŸ³
613,"HAPPY EASTER SUNDAY ! 
now playing : GOLDEN HOURğŸ³"
614,"India, you as not any other trans woman, have never had any eggs, maybe except on the frying pan ğŸ³!!"
615,"The fishos were out for us today!! And two toads on the mossy rocks. 

The fish congregated to the shallow end, sun bathing ğŸ³"
616,"with his egg buddy  ğŸ³

#MARK #MARK_GoldenHour #fanart"
617,ğŸ³
618,I would love to cook for you ğŸ³
619,"For Easter: a (cut &amp; sped up) hatching #moth #egg!
ğŸ³
Over a week, the pale egg developed tiny black dots for 'eyes', then a reddish jaw, then it started moving and chomping.
Several more days and: ""Pop! out of the egg came a tiny &amp; very hungry caterpillar""
#MeetingWithMoths"
620,"...and here come the trolls, haters, and the cooked. ğŸ³ 

Never mind them.

#ChurArdern"
621,happy easter allğŸ³ğŸ³ğŸ³
622,"I've seen multiple mangaka say that coloring panels is either very exciting for them or tiresome, so do whatever you're comfortable with, I'm fine w/ either way ğŸ³"
623,"#warfootage #ukronazi 
#RussiaUkraineWar

ğŸ³WHAT'S COOKIN? That's right! It's AMMO and it's real hot.

#Russian kamikaze drone Lancet continues to bang American big guns as US-supplied #M109 155mm self-propelled howitzer gets hit and cooked to perfection (00:20).

- IntelRepublic"
624,She's a pan. ğŸ³
625,"Why are you obsessed with me lady. Stop stalking me. 

And ğŸ³ egg get over yourself itâ€™s not that deep . Nobody care that u a egg just live with it stop being all â€˜oooo me me meâ€™"
626,"My final goodbye to the owl house ğŸ³

#TOH #tohfanart #tohfinale #LuzNoceda #GoodbyeTOH"
627,"Thank you sm for the ga!!
Stream â€œGolden Hourâ€ or heâ€™ll cook you up!!! ğŸ³

#GoldenHour 
#ë§ˆí¬ê°€_ë§ì•„ì£¼ëŠ”_ê³¨ë“ ì•„ì›Œ
#GoldenHourWithMark 
#MARK #ë§ˆí¬"
628,I donâ€™t know how to make eggs ğŸ³
629,this is a very cool podcast ğŸ³
630,Nah. See you next month. ğŸ³
631,"emojis that changed the trajectory of the world 

ğŸ³"
632,"Also during Covid, I got really serious about my omelettes.

This is 1/2 of a three egg shallot and mushroom with GruyÃ¨re and feta I just cooked up

Love combining and clearing out whatever veggies and cheeses we have leftover from the week

ğŸ³ğŸ³ğŸ³"
633,I don't know how to make eggs but that i do not stress cause I've never been hungry ğŸ³
634,happy easter ğŸ³ğŸ³ğŸ³
635,Roma is cooking ğŸ³
636,Let him cook ğŸ³
637,That man is cooking ğŸ³
638,Something is cooking ğŸ³
639,eggs ğŸ³
640,Nah the author is cooking ğŸ³ğŸ³
641,"Canâ€™t think of a fudder thatâ€™s better than me. 

I enjoy a high and tight fade. 

ğŸ³"
642,"Who wants to play with my ğŸ³ Easter eggs ğŸ³ ?

#HappyEaster  #HappyEaster2023"
643,Society. Everyone canâ€™t be rich and famous and itâ€™s what most men want in todays society. The crushing reality of a seemingly impossible goal leads them to madness. So therefore no need to adhere to a societal created male success if one is a woman. Aka they cracked ğŸ³
644,"Saturday brunch! #teamcrestolle ğŸ³ (at in Webster Groves, MO)"
645,"Okay hold it everyone!

....

.....

Let him cook.... ..... ğŸ³"
646,"The grind doesnâ€™t stop. We got some stuff cooking thats forsure ğŸ³ 

Thank you for your support 

LFG LFG LFG"
647,yesterday when mark live instagram and doyoung join him ğŸ³
648,The Snack Basket and Idol Bundle have both been claimed! Next up at 3pm? GUDETAMA BUNDLE! ğŸ³
649,God helps those that help themselves.ğŸ³
650,Sunny side eggs are the only egg ğŸ³
651,love showing my face sometimesğŸ³
652,"We had to share a little Easter egg from the #MothArchives, of course - Alice Allen's 'Emptying the Egg of its Song', from Issue 27.  ğŸ³"
653,Xabi Alonso is cooking ğŸ³
654,Just sent this email to my reps in the #PAHouse &amp; #PASenate backing the FREE BREAKFASTğŸ³PLAN of It's important for citizens to let officeholders know where we stand on the issues. #PennState #Scranton #UniversityofScranton #Harrisburg #Lehigh
655,Iâ€™m hungry and now Iâ€™m craving ğŸ³
656,"Mf is diabetic and want his extraction done 
At least have your breakfast ğŸ³ ffs"
657,"I don't know how to make eggs. But that I do not stress. ğŸ³

Bringing you all to my second solo song, Golden"
658,"Wtt only  ( mencuba nasib) 

Have : P1 306 Row R x2
Want :  P1 306 Row D/E x2 
(Side by side) 

Can add money ğŸ³
#TDS2inKl"
659,Did you reheat them for breakfast? ğŸ³
660,Cook ğŸ³
661,Yummy ahh the good old days when all three meals were made in a frying pan ğŸ³.
662,im cooking but literally ğŸ³ making food for easter
663,how about the â€œpanâ€demonic flute ğŸ³
664,ğŸ³
665,"POV

You flew me out to be your private chef in the Bay Area, I woke up and made breakfast ğŸ³"
666,"When visiting a cafe, surely we canâ€™t miss the food right? Since itâ€™s spring time, I decided to order something fresh like this drink and delicacy ğŸ³"
667,"well done.
over easy, even. ğŸ³"
668,i don't know how to make eggs but that i do not stress ğŸ³
669,ğŸ³
670,Who asked ur opinion ğŸ³ğŸ³ğŸ³
671,"â€™Sup, folks. Been awhile since my last attempt to find new faces through this platform. The name is Mark Lee, this offer is so intriguing and Iâ€™d like to take my chance if the spot is still available for me. I hope youâ€™ll considering my presence. Nice day ahead! ğŸ³"
672,"One less bell to answer, one less egg to fryyyyyyyy ğŸ³"
673,"GOLDEN HOUR OUT NOW ğŸ³

#ë§ˆí¬ê°€_ë§ì•„ì£¼ëŠ”_ê³¨ë“ ì•„ì›Œ
#GoldenHourWithMark"
674,Listening to jazz while cooking ğŸ³ &gt;&gt;&gt;
675,"11.19 pm, took the wrong bus.
Reach home ETA as of now 1 am -ish.
Happy Easter ğŸ³"
676,Warm up doodle of the day!! It's Cheetah Lee hour ğŸ³
677,I really donâ€™t know how Iâ€™m calling Gordon out ğŸ³
678,NEO COOKING TECHNOLOGY ğŸ³
679,Day 2 ğŸ³
680,"GOLDEN HOUR OUT NOW ğŸ³
#ë§ˆí¬ê°€_ë§ì•„ì£¼ëŠ”_ê³¨ë“ ì•„ì›Œ
#GoldenHourWithMark"
681,"ğŸ³day 2ğŸ³

#ë§ˆí¬ê°€_ë§ì•„ì£¼ëŠ”_ê³¨ë“ ì•„ì›Œ
#MARK_GoldenHour #MARK
#molosupportproject"
682,ğŸ³
683,"ğŸ³day 2ğŸ³

#ë§ˆí¬ê°€_ë§ì•„ì£¼ëŠ”_ê³¨ë“ ì•„ì›Œ
#MARK_GoldenHour #MARK
#molosupportproject"
684,"ğŸ³ NASHVILLE COMEDY FESTIVAL
Join your host Saturday, April 22 for a special edition of Brunch of Laughs! Grab your tickets to the funniest show you'll see before the sun goes down--&gt;"
685,Iâ€™m just a breakfast kind of guy ğŸ³
686,"Brunching at ğŸ³ If your Easter plans arenâ€™t set, grab one of the final reservations for tomorrow at"
687,ğŸ³
688,"Mayhaps one could indulge, but only if accompanied by ham, of course. #Eggsperimentation ğŸ³"
689,"ğŸ³Egg partyyy 
â€”"
690,Eggs &amp; Sausage Gravy Biscuits for breakfast! ğŸ³
691,"SAVE THE DATES: Brunch is back at Osteria Fiorella on the following Sundays: 

ğŸ³ April 9
ğŸ³ May 14"
692,"#MARK_GoldenHour 
#marklee 
#ë§ˆí¬ ğŸ³ğŸ³"
693,always taking selfies with the pots and pans ğŸ³
694,"Early Mornings listing to some throwbacks , cooking breakfast ğŸ³"
695,His cooking ğŸ³
